[
   {
      "date":1506796200000,
      "units":1353
   },
   {
      "date":1506882600000,
      "units":1123
   },
   {
      "date":1506969000000,
      "units":1022
   },
   {
      "date":1507055400000,
      "units":1224
   },
   {
      "date":1507141800000,
      "units":1068
   },
   {
      "date":1507228200000,
      "units":1236
   },
   {
      "date":1507314600000,
      "units":1445
   },
   {
      "date":1507401000000,
      "units":1343
   },
   {
      "date":1507487400000,
      "units":1323
   },
   {
      "date":1507573800000,
      "units":1432
   },
   {
      "date":1507660200000,
      "units":1556
   },
   {
      "date":1507746600000,
      "units":1306
   },
   {
      "date":1507833000000,
      "units":1294
   },
   {
      "date":1507919400000,
      "units":1385
   },
   {
      "date":1508005800000,
      "units":1479
   },
   {
      "date":1508092200000,
      "units":1242
   },
   {
      "date":1508178600000,
      "units":1105
   },
   {
      "date":1508265000000,
      "units":1432
   },
   {
      "date":1508351400000,
      "units":1056
   },
   {
      "date":1508437800000,
      "units":1014
   },
   {
      "date":1508524200000,
      "units":932
   },
   {
      "date":1508610600000,
      "units":1278
   },
   {
      "date":1508697000000,
      "units":1456
   },
   {
      "date":1508783400000,
      "units":1524
   },
   {
      "date":1508869800000,
      "units":1109
   },
   {
      "date":1508956200000,
      "units":1124
   },
   {
      "date":1509042600000,
      "units":1085
   },
   {
      "date":1509129000000,
      "units":1330
   },
   {
      "date":1509215400000,
      "units":1223
   },
   {
      "date":1509301800000,
      "units":1323
   },
   {
      "date":1509388200000,
      "units":1423
   }
]